global_step_index,episode_index,episode_id,task_name,instruction,t_in_episode,picked_left_key,picked_wrist_key,left_img_path,wrist_img_path,samples_per_state,actions_shape,mean_0,mean_1,mean_2,mean_3,mean_4,mean_5,mean_6,mean_7,std_0,std_1,std_2,std_3,std_4,std_5,std_6,std_7
498,2,ep000002,b'Put one green sachet in the grey bowl.',b'Put one green sachet in the grey bowl.',94,exterior_image_1_left,wrist_image_left,images/ep000002/state_000094_left.jpg,images/ep000002/state_000094_wrist.jpg,50,"(50, 15, 8)",0.024871699331535605,-0.18013951432309525,0.10250441676712536,-0.10674261858590173,0.00813185610587978,-0.10317342443276759,-0.08191782246332036,0.9255958428518767,0.015406871574365853,0.006843485904436026,0.022176217138088816,0.006373936170292372,0.03512611612562412,0.007843804957103413,0.03909116985508654,0.0116993241332149
499,2,ep000002,b'Put one green sachet in the grey bowl.',b'Put one green sachet in the grey bowl.',95,exterior_image_1_left,wrist_image_left,images/ep000002/state_000095_left.jpg,images/ep000002/state_000095_wrist.jpg,50,"(50, 15, 8)",0.004573802862960252,-0.11423386323495859,0.12233110878802217,-0.06758718830847367,0.10104053467482414,-0.09043090484439653,-0.15528998284523954,0.9310111332406742,0.01280513168400385,0.00652239419518584,0.018269304674453594,0.00389775367060452,0.03380347450773655,0.005713564382428702,0.031027488733843894,0.007729406449786186
